mixtes,naturelle,sèche,sensible,peaux,peau,mixte,convient,grasse,grasses,,
cher,chère,rapport,acheté,prix,,,,,,,
temps,tient,journée,dure,jours,jour,,,,,,
pot,flacon,pompe,présentation,bouchon,tube,emballage,,,,,
efficacité,parfait,résultat,satisfaite,qualité,efficace,,,,,,
maquillage,maquiller,,,,,,,,,,
produit,creme,,,,,,,,,,
poudre,,,,,,,,,,,
texture,légère,,,,,,,,,,
hydratante,hydratée,hydratation,hydrate,douce,hydratant,sensation,,,,,
couleur,teinte,belle,gamme,,,,,,,,
pratique,utilisation,facile,application,,,,,,,,
impression,,,,,,,,,,,
brillance,naturel,mine,effet,briller,lisse,matifie,teintée,brille,teint,unifie,éclat
couvrant,couvrance,couvre,,,,,,,,,
crème,,,,,,,,,,,
boutons,camoufle,colle,rougeurs,pique,taches,pores,,,,,
soin,,,,,,,,,,,
odeur,agréable,sent,parfum,,,,,,,,
solaire,uv,protection,,,,,,,,,
hiver,,,,,,,,,,,
dommage,,,,,,,,,,,
visage,masque,,,,,,,,,,
adore,,,,,,,,,,,
zone,,,,,,,,,,,
rachèterai,recommande,,,,,,,,,,
long,,,,,,,,,,,
parfaite,,,,,,,,,,,
imperfections,ridules,rides,,,,,,,,,
donné,,,,,,,,,,,
joli,,,,,,,,,,,
matin,,,,,,,,,,,
pénètre,pénétration,,,,,,,,,,
déçue,,,,,,,,,,,
gras,film,,,,,,,,,,
claire,,,,,,,,,,,
nuit,,,,,,,,,,,
fluide,,,,,,,,,,,
viens,,,,,,,,,,,
